{
  "project_info": {
    "project_number": "561124950313",
    "project_id": "fir-demo1-d935a",
    "storage_bucket": "fir-demo1-d935a.appspot.com"
  },
  "client": [
    {
      "client_info": {
        "mobilesdk_app_id": "1:561124950313:android:0c0d04343ad77ed704f738",
        "android_client_info": {
          "package_name": "com.file.firebasedemo"
        }
      },
      "oauth_client": [
        {
          "client_id": "561124950313-ospd818nliap3dqj2akg276n80cttc1v.apps.googleusercontent.com",
          "client_type": 1,
          "android_info": {
            "package_name": "com.file.firebasedemo",
            "certificate_hash": "87a36ed371016cd32fb0bedbd75443046d972e1b"
          }
        },
        {
          "client_id": "561124950313-85gcj4ppupvhho869njgfsdag3clgdr4.apps.googleusercontent.com",
          "client_type": 3
        }
      ],
      "api_key": [
        {
          "current_key": "AIzaSyAP1W1VYKqzLyYMM11qKf19OiUKtRbE0OY"
        }
      ],
      "services": {
        "appinvite_service": {
          "other_platform_oauth_client": [
            {
              "client_id": "561124950313-85gcj4ppupvhho869njgfsdag3clgdr4.apps.googleusercontent.com",
              "client_type": 3
            }
          ]
        }
      }
    },
    {
      "client_info": {
        "mobilesdk_app_id": "1:561124950313:android:d5560227ecd4f92c04f738",
        "android_client_info": {
          "package_name": "com.file.firebasedemo2"
        }
      },
      "oauth_client": [
        {
          "client_id": "561124950313-k984ajqk9dkaulv7162ei20d05budb0g.apps.googleusercontent.com",
          "client_type": 1,
          "android_info": {
            "package_name": "com.file.firebasedemo2",
            "certificate_hash": "87a36ed371016cd32fb0bedbd75443046d972e1b"
          }
        },
        {
          "client_id": "561124950313-85gcj4ppupvhho869njgfsdag3clgdr4.apps.googleusercontent.com",
          "client_type": 3
        }
      ],
      "api_key": [
        {
          "current_key": "AIzaSyAP1W1VYKqzLyYMM11qKf19OiUKtRbE0OY"
        }
      ],
      "services": {
        "appinvite_service": {
          "other_platform_oauth_client": [
            {
              "client_id": "561124950313-85gcj4ppupvhho869njgfsdag3clgdr4.apps.googleusercontent.com",
              "client_type": 3
            }
          ]
        }
      }
    },
    {
      "client_info": {
        "mobilesdk_app_id": "1:561124950313:android:0d6bde7a7f28121f04f738",
        "android_client_info": {
          "package_name": "com.file.firebasenotificationdemo"
        }
      },
      "oauth_client": [
        {
          "client_id": "561124950313-8vsc8r4rbfno0vuhjnlrmhl238u6o36c.apps.googleusercontent.com",
          "client_type": 1,
          "android_info": {
            "package_name": "com.file.firebasenotificationdemo",
            "certificate_hash": "87a36ed371016cd32fb0bedbd75443046d972e1b"
          }
        },
        {
          "client_id": "561124950313-85gcj4ppupvhho869njgfsdag3clgdr4.apps.googleusercontent.com",
          "client_type": 3
        }
      ],
      "api_key": [
        {
          "current_key": "AIzaSyAP1W1VYKqzLyYMM11qKf19OiUKtRbE0OY"
        }
      ],
      "services": {
        "appinvite_service": {
          "other_platform_oauth_client": [
            {
              "client_id": "561124950313-85gcj4ppupvhho869njgfsdag3clgdr4.apps.googleusercontent.com",
              "client_type": 3
            }
          ]
        }
      }
    }
  ],
  "configuration_version": "1"
}